barcode,mean_depth,coverage_breadth,total_fragments,total_reads
ATAGTCAAGCGGTTCT-1,2.045685279187817,0.3329108576256865,85,171
GTGAGAGCATCCCTCT-1,4.302226789996574,0.8808618504435995,492,985
GATTGCTGTTGACTAC-1,5.546451989872103,0.9296276178405456,710,1420
CATTTGGTCCTCACGG-1,5.501490454747257,0.9515963546381797,668,1337
AATCCTTAGTATCGCC-1,3.396337946943483,0.8372261452109361,344,689
GCACGTAAGTCCTCCC-1,3.3905509583421742,0.8533405757740359,359,718
GTCCAAACATGACCAA-1,14.425430383569918,0.9991550485847064,1922,3844
TTAGCTTAGTCTTGCA-1,10.334017754695331,0.9993964632747903,1338,2677
CAGTTAAAGGTATGTA-1,20.55458989679522,1.0,2659,5319
AGAAAGCCAAGGGCTT-1,73.42038870111057,0.999939646327479,9456,18913
GCGATAAGTCAGGCTC-1,2.424965737779808,0.5284567565936388,154,308
CGTAATAAGTTTGACT-1,3.3489671396015583,0.8209910073027944,344,689
TAGCAGCCAAGGCTGT-1,13.08095870562666,0.9996982316373951,1615,3231
AAGGTTATCTAGTTGT-1,13.510502172863351,0.999939646327479,1796,3593
CTGTGGCGTCAGTGCC-1,10.259658471599854,0.9966805480113465,1326,2653
ATTAGGATCAATACAG-1,22.068565910188315,0.999939646327479,2947,5894
TCGATATTCTAAGCTT-1,4.378307764453675,0.9008992697205624,512,1025
GGGTTTCTCGCTATGC-1,12.135146569960714,0.9985515118594966,1587,3174
GAAACCGTCGCATTTG-1,23.164534041525833,0.999939646327479,3050,6101
GTGTGAGTCACAATAG-1,54.97102848865283,0.999939646327479,6705,13411
AGGCCTAAGGGCTATG-1,2.6253396739130435,0.5330436357052326,179,359
GATCAGTAGTCCCGCA-1,6.367219403539166,0.975436055283964,774,1548
ACTGAGGTCGCGTTAC-1,5.600932459677419,0.9579334902528819,668,1336
GTTTGTGTCAGCCTGT-1,8.451309154972359,0.993481803367735,1100,2200
GTAACCCTCGGTTAGG-1,4.328134619331007,0.8823103385841028,500,1001
GTTTGGGAGTCAATAG-1,5.792641928322233,0.9514756472931378,671,1342
CAAGGCTCATTGAGGC-1,4.574190527160824,0.9021666968435029,574,1149
AATATCCTCTCACTTC-1,6.541098901098901,0.9611322348964935,824,1648
ATGCGATAGGCTTCAC-1,4.6223097291058455,0.8889492425614098,538,1076
TGGCGAATCTCACAGC-1,4.763402571711177,0.915263443780554,562,1124
GCCCTGATCTTGCTGA-1,5.547667214565685,0.9546743919367493,672,1344
ACTGGCTTCTGTCAGC-1,3.910135987662975,0.8610054921841994,425,851
CAGTAAGGTAACCTTA-1,3.0850046152555173,0.7192347154324341,279,558
TATCGCTCATATGGTG-1,4.710838659188731,0.9254632144365985,544,1089
ACTTCCCGTCACCAGC-1,3.2808448177444345,0.7401170861246907,319,639
GTTAGAGGTTGTTCCC-1,3.5050664264805222,0.804091978996922,387,774
GGCTACTTCCCTCACC-1,3.57806442517798,0.8562375520550426,390,781
AATACTGAGGCTCACT-1,4.95961038961039,0.9294465568229827,566,1132
ACCACAACAAATATGC-1,22.71096626229706,1.0,2994,5988
GACTTAAAGGCTTAGG-1,34.24438676967649,0.999939646327479,4552,9105
CCTCAAATCGTTTCTC-1,2.2942012139997416,0.4673184863298932,142,285
TAGTGCCTCTTGTTCC-1,2.216509871472108,0.4554891665157825,127,254
AAGGCTAGTACAAACG-1,3.757578083032768,0.7864687066207979,387,775
CAGAGAGCACTCGCAC-1,2.812327506899724,0.721648862333273,248,496
CACAAGGTCCAGCTCG-1,3.7198558081365407,0.8203874705775847,398,797
GCACAGGGTCACTATA-1,4.978877333505587,0.9343352042971815,616,1232
ACATTCAGTTACTAGC-1,3.6135645580285054,0.8596173577162171,388,776
CCTTAGTCAACCGTAA-1,3.8739738185045485,0.8160420061560746,409,818
AGAGCAAAGCCAATCC-1,4.199292536257516,0.853099161083952,473,946
CTAATGTTCCAAACTT-1,18.605323515210042,0.999939646327479,2478,4956
AACGTACAGTGCACCT-1,2.0457458170167317,0.33906693222282575,89,178
CGGGCTACACCTTCTC-1,2.2442651877993445,0.478846037781399,135,270
TCATCATAGCTTGCCG-1,3.3805003679175867,0.8202064095600218,328,656
ATGGATTCAGTTAAAC-1,4.405464905464905,0.9321021184139054,505,1011
ACGGTCAAGTGATTCT-1,2.7067829637190313,0.650431528758525,227,454
GCGTGCTGTTAGCCAT-1,5.561431692584501,0.9392238517713802,662,1324
TCGAAGCCATAGCATG-1,4.732930393198725,0.908684893475768,543,1087
TCTAGCTCAGGAGGAC-1,3.2927938711994256,0.7562918703603114,329,659
CTGCTCACATGCTTTA-1,6.76829946259806,0.9770656044420303,909,1818
ACTCCTAAGCTGCTAC-1,4.685242046122689,0.9238336652785322,577,1154
GCGCAAATCATAGCGG-1,2.5299849205428604,0.5203090108033074,178,356
TAATTGCTCAAACCGG-1,3.4629936155119414,0.7657070432735832,356,713
CATGGCGCAAATAAGG-1,2.71435429668747,0.6285834993059327,214,429
AACGCTTGTTGAAGCA-1,2.3015343562374917,0.5428209306536302,161,322
AGGCATTAGGGCTACA-1,3.1173345832356847,0.7725873619409741,317,634
TACCGTTCACAAACGC-1,3.7915368991198375,0.8914237431347698,403,806
ACACTTGTCCGTTATG-1,4.397795728368018,0.8816464481863722,512,1025
ACAACGGTCGACATTT-1,5.069116698903933,0.9360854608002896,619,1239
CAATGAGGTGCACAAA-1,7.5749663690840165,0.9870239604079908,954,1909
GACATAATCAATGTGA-1,6.489306831047931,0.9595026857384272,786,1573
GTCTTAGTCCAAACCC-1,2.3229938465402484,0.48059629428450723,144,288
TCTAACCCACTTAGCT-1,3.2454836200190162,0.6982316373951355,315,631
TTTAAGCTCAATAGCA-1,3.767664574279736,0.7499547347456093,359,719
AGGGAGTAGAATCACA-1,2.420357256104006,0.5710060957209246,163,326
GTAGTCCTCGCTTCAA-1,3.8549406291229777,0.8691532379745307,417,835
GCAAGGACAATACCCT-1,2.953688888888889,0.6789788158609451,255,511
GTGTTGCTCTTGCTGA-1,4.934461695087808,0.9485183173396101,596,1193
TTCGTTACAGCAAGTC-1,2.9910398684751334,0.7342024262176353,294,588
GTTTGGGAGCAGGTAT-1,4.239309533150255,0.9230490675357595,445,890
GCACACAAGGGTTAAC-1,4.848513072982503,0.9071760516627437,542,1084
GTGCAATAGGGTGGGA-1,1.0,0.004949001146719778,0,1
CGAGAGGAGGTAAGCT-1,2.21101243339254,0.3397911762930774,98,197
TTCTAAGGTACAAACG-1,2.3365974670322496,0.46224877783813145,139,279
AGTGCGCAGCAGCCAA-1,1.8892117689792953,0.1661536604502384,44,89
CTGAGTGAGTGTTGTT-1,2.163542642924086,0.3863842114792685,111,223
TCGTTAAGTAGCGCTC-1,2.7664233576642334,0.6780131571006096,246,492
TGTAAGTCACCTGTAT-1,3.0804825648653114,0.7304001448488141,286,573
CACAGATAGTCACTAT-1,3.1995883261045357,0.8209910073027944,310,621
CCAATTAGTTAACCAC-1,3.5246768507638073,0.821775605045567,373,746
CCTTACCGTCATCATA-1,4.202955266176371,0.8945017804333394,485,971
CAGAGGGAGTATAGCA-1,1.655580192165558,0.08165851892087633,15,31
ATTTGCAGTACTTATG-1,1.5678063772570112,0.15710060957209246,33,66
CCAGCTAGTCAATGAG-1,2.3082155002684805,0.3371959683746756,97,194
AGATTGATCGAGGCGT-1,2.5205202960305,0.5382340515420363,182,364
ACATTACTCCAATTAC-1,2.678499947329611,0.5729374132415957,189,378
GCTTTGGGTCCGTTAG-1,3.343729955099423,0.752731003681574,321,643
GCTAAAGGTCCCTCTG-1,2.1620989304812834,0.36115637636550185,104,208
GCTACTGGTTGACTAC-1,4.001191143497758,0.8613676142193253,443,886
AGATAGCTCGCTAATT-1,2.7182861943433214,0.6465688937171827,222,444
TGTTCACCAATAAACC-1,3.66293287055297,0.7651035065483734,379,758
GCATTCATCTGTGCTA-1,2.170487948265726,0.20532319391634982,64,128
AAATAGGCATGATCGA-1,1.8457047539616347,0.36182026676323253,80,160
TGGTTCTCAAGGGAGC-1,1.8287304645686149,0.28191200434546443,61,123
TACCTGCAGGTTACTT-1,2.2931323283082077,0.39634256744522905,124,249
TAGCAGCCATACTGAG-1,2.2705882352941176,0.5078761542639869,142,284
CAGCCTGTCGTTAGTT-1,2.0284521012790395,0.2312149194278472,61,122
TGCCTAATCATCAGTT-1,1.9617253948967193,0.2980264349085642,74,148
CAACCGTTCCATCATG-1,2.605627142688261,0.5105317158549098,166,332
CTTCCAGCAAGGATGG-1,2.514438027543314,0.54342446737884,170,340
CGGTCCATCTGGCTGT-1,2.7333391869347614,0.6873679763413604,237,475
TTGCCTGCAAGTGGCT-1,1.6963897346672465,0.1387530931257167,29,58
TCTAACCCAAGGTGGA-1,1.8,0.00603536725209729,1,2
CAGTGTGAGTTATGAG-1,1.7142857142857142,0.03929024081115336,8,16
GTCCATCAGTTGTCAT-1,1.8071561338289963,0.1298811032651337,32,64
TATTACGGTACACCGC-1,2.0,0.0038626350413422657,1,2
ACGCTAACAGGTTCTT-1,1.7157057654075547,0.15178948639024684,33,66
ATTGAACCACGGTCAG-1,1.7763192438960358,0.22988713863238577,49,98
CAAACAATCAGGCTAG-1,2.0817027119807756,0.3516204961071881,91,182
CCAACTGGTAGCGGAT-1,2.333801235261089,0.42995956303941096,130,260
GGGATCCAGGAACAAG-1,2.9345674799522268,0.7074657492908444,248,496
GGTTGGATCGTGCTTA-1,1.811808118081181,0.016355845253183655,4,9
TACAAAGTCATGGATA-1,1.7289256198347107,0.03651397187518861,7,14
TACCCGGTCCAGCTCG-1,1.8080808080808082,0.005975013579576317,1,2
TAACACAAGGGTTAAC-1,1.1842105263157894,0.00917375822318788,1,2
CTATGGACAACAAAGA-1,1.8486842105263157,0.03669503289275152,10,20
TCCACAATCACTATGT-1,1.6091954022988506,0.010501539018649284,2,4
TCCACAATCCCTCACC-1,1.0,0.010018709638481501,1,2
ATACTGGCAACCGCTC-1,1.988235294117647,0.005130062164282696,1,2
AAAGGTACACTAAGGC-1,1.627659574468085,0.011346490433942905,4,8
AATACCCGTGCGCGAA-1,1.7164179104477613,0.008087392117810368,2,4
CTAGGATAGATGAAGG-1,1.8571428571428572,0.002957329953527672,1,2
CATATTGGTGTCCACA-1,1.930232558139535,0.0025952079184018346,1,2
GATATGATCTAGCCAC-1,1.951219512195122,0.002474500573359889,1,2
TAAAGGGAGCTTTACG-1,1.9878048780487805,0.009898002293439555,2,4
